Artwork ID,Theme description,Theme,Theme ID
9,"The artwork features a complex layering of forms and colors which aligns with both “Abstraction and Layers” and “Abstraction and mark-making”. The intricate, abstract forms suggest no direct representation but rather an exploration of color, form, and the process of mark-making itself. The superimposed elements contribute to a sense of layered depths, typical of Mehretu's style.","Abstraction, layering and mark-making",4
9,"The artwork features a complex layering of forms and colors which aligns with both “Abstraction and Layers” and “Abstraction and mark-making”. The intricate, abstract forms suggest no direct representation but rather an exploration of color, form, and the process of mark-making itself. The superimposed elements contribute to a sense of layered depths, typical of Mehretu's style.","Abstraction, layering and mark-making",4
9,"The artwork features a complex layering of forms and colors which aligns with both “Abstraction and Layers” and “Abstraction and mark-making”. The intricate, abstract forms suggest no direct representation but rather an exploration of color, form, and the process of mark-making itself. The superimposed elements contribute to a sense of layered depths, typical of Mehretu's style.",Maps and cartography,2
9,"The structured, yet abstract, forms suggest elements of architectural design or urban landscapes, common themes in Mehretu's works that explore the complex interactions within urban settings.",Urban landscapes and architecture,1
19,"The artwork features complex layers and detailed mark-making, characteristic of Julie Mehretu's abstract works. The presence of lines and forms that resemble geographical or urban mappings suggests an influence of cartography. The multiple layers evident in the composition point to a deliberate construction of depth and dimensionality.","Abstraction, layering and mark-making",4
19,"The artwork features complex layers and detailed mark-making, characteristic of Julie Mehretu's abstract works. The presence of lines and forms that resemble geographical or urban mappings suggests an influence of cartography. The multiple layers evident in the composition point to a deliberate construction of depth and dimensionality.",Maps and cartography,2
19,"The artwork features complex layers and detailed mark-making, characteristic of Julie Mehretu's abstract works. The presence of lines and forms that resemble geographical or urban mappings suggests an influence of cartography. The multiple layers evident in the composition point to a deliberate construction of depth and dimensionality.","Abstraction, layering and mark-making",4
19,"The complexity and overlapping visual elements resemble networks or web-like connectors, which could be reflective of the interconnected nature of modern urban life and the information age.",Information age and Urban life,9
7,"The artwork features complex layering and abstract forms, which indicates a focus on abstract expression. The variety of marks, from scribbles to bold lines, highlights significant use of abstraction and various marking techniques. The overlay of forms and colors also suggests a nuanced use of layers, typical of Mehretu's approach to depth and complexity in her abstract compositions.","Abstraction, layering and mark-making",4
7,"The artwork features complex layering and abstract forms, which indicates a focus on abstract expression. The variety of marks, from scribbles to bold lines, highlights significant use of abstraction and various marking techniques. The overlay of forms and colors also suggests a nuanced use of layers, typical of Mehretu's approach to depth and complexity in her abstract compositions.","Abstraction, layering and mark-making",4
7,"The piece also employs layering techniques, creating depth and suggesting various levels of interpretation, characteristic of urban textures and digital overlays. This interplay can reflect the conceptual intersections between physical urban layouts and abstract data mapping in the information age.",Information age and Urban life,9
11,"his artwork prominently features layered and intricate mark-making techniques, which represent abstract forms. The dynamic lines and overlapping elements contribute to its abstract and multidimensional visual effect, fitting into the categories of both ""Abstraction and mark-making"" and ""Abstraction and Layers.","Abstraction, layering and mark-making",4
11,"The underlying structures reminiscent of maps or aerial views suggest the inclusion of cartographic themes. Despite being abstract, there are elements that could be interpreted as schematic representations of landscapes or maps, playing with spatial perception integral to cartography.",Maps and cartography,2
11,"The artwork features multi-layered elements and abstract mark-making, indicative of Mehretu's interest in abstract expression. The representation also includes elements reminiscent of architectural forms or urban landscapes, albeit in an abstract manner. The use of overlapping layers and intricate lines evokes the dense layering of city maps and urban planning documents.",Information age and Urban life,9
30,"The complex, layered compositions mixed with vibrant, sweeping lines may evoke the chaos and interconnectedness of modern urban life, suggesting the rapid exchange of information and the bustling movement typical of urban environments in the digital era. This places it under the ""Information age and Urban life"" theme.",Maps and cartography,2
30,"The artwork exhibits a layered and complex composition indicative of maps, with lines that might represent roads or borders, suggesting cartography. Abstract elements and markings dominate the visual language, showing depth and interaction between multiple layers.","Abstraction, layering and mark-making",4
30,"The artwork exhibits a layered and complex composition indicative of maps, with lines that might represent roads or borders, suggesting cartography. Abstract elements and markings dominate the visual language, showing depth and interaction between multiple layers.","Abstraction, layering and mark-making",4
30,"The underlying elements of the artwork suggest a map-like structure amid the chaos, indicative of urban planning and digital overlays, reflecting themes of urban life and the complexities of the information age.",Information age and Urban life,9
18,"The image features elements reminiscent of maps and cartography (2), and displays a strong use of abstraction and mark-making (4). Layers are evident in the overlay of colors and lines, making abstraction and layers (5) another fitting category.",Maps and cartography,2
18,"The image features elements reminiscent of maps and cartography (2), and displays a strong use of abstraction and mark-making (4). Layers are evident in the overlay of colors and lines, making abstraction and layers (5) another fitting category.","Abstraction, layering and mark-making",4
18,"The image features elements reminiscent of maps and cartography (2), and displays a strong use of abstraction and mark-making (4). Layers are evident in the overlay of colors and lines, making abstraction and layers (5) another fitting category.","Abstraction, layering and mark-making",4
15,"Maps and cartography, Information age and Urban life  | The intricate lines and forms suggest mapping or schematic representations, which align with the themes of maps and cartography.",Maps and cartography,2
15,"The artwork clearly showcases abstract forms and intricate mark-making, which are central to these categories. ","Abstraction, layering and mark-making",4
15,"The artwork features complex overlays and abstract forms, indicative of layers and abstract mark-making. The evident line work and silhouette forms also suggest an abstract representation of maps or cartographic elements.","Abstraction, layering and mark-making",4
15,he complexity of the artwork may also reflect themes related to the information age and urban dynamics.,Information age and Urban life,9
2,"The artwork clearly features intricate layers of lines and colors that are characteristic of abstract art. The swirling patterns and overlaying lines may resemble cartographic features, suggesting an element of mapping. Furthermore, the dynamic use of color and form showcases a prominent use of abstraction and complex mark-making techniques.",Maps and cartography,2
2,"The artwork clearly features intricate layers of lines and colors that are characteristic of abstract art. The swirling patterns and overlaying lines may resemble cartographic features, suggesting an element of mapping. Furthermore, the dynamic use of color and form showcases a prominent use of abstraction and complex mark-making techniques.","Abstraction, layering and mark-making",4
2,"The artwork clearly features intricate layers of lines and colors that are characteristic of abstract art. The swirling patterns and overlaying lines may resemble cartographic features, suggesting an element of mapping. Furthermore, the dynamic use of color and form showcases a prominent use of abstraction and complex mark-making techniques.","Abstraction, layering and mark-making",4
2,"Although abstract, the sweeping lines and structural elements could be interpreted as representing the dynamic, evolving nature of urban landscapes and the built environment.",Urban landscapes and architecture,1
29,"The artwork prominently features abstraction through its complex layering and dynamic mark-making, which is characteristic of Mehretu’s style. The lines and forms suggest a mapping motif, reminiscent of geographical or architectural plans, yet abstracted beyond immediate recognition.",Maps and cartography,2
29,"The artwork prominently features abstraction through its complex layering and dynamic mark-making, which is characteristic of Mehretu’s style. The lines and forms suggest a mapping motif, reminiscent of geographical or architectural plans, yet abstracted beyond immediate recognition.","Abstraction, layering and mark-making",4
29,"The artwork prominently features abstraction through its complex layering and dynamic mark-making, which is characteristic of Mehretu’s style. The lines and forms suggest a mapping motif, reminiscent of geographical or architectural plans, yet abstracted beyond immediate recognition.","Abstraction, layering and mark-making",4
29,"Although abstract, the structural elements and sweeping lines could evoke urban forms and architectural designs, suggesting movement within a cityscape or constructed space.",Urban landscapes and architecture,1
29,"The open-endedness and intricate layering with no clear focal point or conclusion evoke a sense of infinity and mystery, drawing viewers into a contemplation of space that extends beyond temporal boundaries.","Timelessness, infinity, mystery",8
26,"The inclusion of elements that resemble structural outlines and geographical schematics aligns well with urban architectural themes and mapping techniques. These amalgamated layers enhance the sense of a multi-dimensional space that is constantly evolving, much like a city itself.","Abstraction, layering and mark-making",4
26,The blending and layering of colors and shapes capture the complexity of urban life and the rapid dissemination of information characteristic of the information age. ,"Abstraction, layering and mark-making",4
26,The blending and layering of colors and shapes capture the complexity of urban life and the rapid dissemination of information characteristic of the information age. ,Information age and Urban life,9
26,"The artwork features abstracted forms which suggest an interplay of architectural elements, overlaid maps, and dynamic movement, reminiscent of sprawling urban scenes.",Urban landscapes and architecture,1
34,"The artwork prominently features abstract forms and lines, with an emphasis on complex, layered compositions that involve various colors and strokes. This aligns with Mehretu's known focus on abstraction and the layering technique to create depth and narrative.","Abstraction, layering and mark-making",4
34,"The artwork prominently features abstract forms and lines, with an emphasis on complex, layered compositions that involve various colors and strokes. This aligns with Mehretu's known focus on abstraction and the layering technique to create depth and narrative.","Abstraction, layering and mark-making",4
34,The use of lines and forms that resemble map contours or urban plans suggests a connection to themes of maps and cartography. The artwork seems to overlay abstract elements that could be interpreted as topographical or architectural in nature. ,Maps and cartography,2
34,"The dynamic, almost digital quality of the markings and the organized chaos depicted might reflect aspects of the information age, juxtaposed with urban life complexities. The artwork conveys a sense of movement and interconnectedness typical of urban settings influenced by digital and informational flows.",Information age and Urban life,9
34,"The abstract nature and the way elements seem to flow beyond their boundaries evoke a sense of timelessness and mystery. This category fits as the piece appears to transcend specific temporal or spatial contexts, inviting open-ended interpretations and infinite possibilities.","Timelessness, infinity, mystery",8
16,"This artwork features several layers and a rich use of abstract forms and expressive mark-making, typical of Mehretu's style. The background seems to hint at cartographic elements, suggesting an underlying theme of maps or topologies.","Abstraction, layering and mark-making",4
16,"This artwork features several layers and a rich use of abstract forms and expressive mark-making, typical of Mehretu's style. The background seems to hint at cartographic elements, suggesting an underlying theme of maps or topologies.","Abstraction, layering and mark-making",4
16,"This artwork features several layers and a rich use of abstract forms and expressive mark-making, typical of Mehretu's style. The background seems to hint at cartographic elements, suggesting an underlying theme of maps or topologies.",Maps and cartography,2
16,"The artwork's complex structure and flow might symbolize the dynamic and interconnected nature of modern urban life and the digital information age, reflecting how data and human interactions weave through the fabric of cities.",Information age and Urban life,9
16,"The shapes and forms, although abstract, could be interpreted as morphed urban structures or architectural elements, depicting the chaotic and layered nature of cityscapes.",Urban landscapes and architecture,1
13,"The artwork consists of complex, layered mark-making that indicates a high degree of abstraction. Julie Mehretu's use of intertwining colors and shapes, along with dynamic, gestural lines, portrays a vivid abstraction that defies direct representation, indicating these categories.","Abstraction, layering and mark-making",4
13,"The artwork consists of complex, layered mark-making that indicates a high degree of abstraction. Julie Mehretu's use of intertwining colors and shapes, along with dynamic, gestural lines, portrays a vivid abstraction that defies direct representation, indicating these categories.","Abstraction, layering and mark-making",4
13,"The intricate underlying structures reminiscent of maps, and the semblance to digital circuitry or urban layouts suggests these themes. Although abstract, the elements could be interpreted as depicting or being inspired by urban development and the complexities of modern information networks.",Maps and cartography,2
22,"The artwork showcases a highly abstract style featuring multiple overlaid elements and varied mark-making techniques, characteristic of Mehretu's layered approach to abstraction. The use of free-flowing lines, shapes, and forms that interact dynamically across the canvas fits within these categories.","Abstraction, layering and mark-making",4
22,"The artwork showcases a highly abstract style featuring multiple overlaid elements and varied mark-making techniques, characteristic of Mehretu's layered approach to abstraction. The use of free-flowing lines, shapes, and forms that interact dynamically across the canvas fits within these categories.","Abstraction, layering and mark-making",4
22,"The underlying forms and lines hint at geometric structuring that may suggest maps or spatial layouts, a common theme in Mehretu's work where she explores cartographic elements abstractly.",Maps and cartography,2
22,"The complexity and overlay of various elements alongside the use of sweeping, intersecting lines may reflect the dynamic and interconnected nature of contemporary urban life and the digital or information age, capturing the essence of how data and interactions flow in modern urban settings.",Information age and Urban life,9
27,"The artwork features complex, layered mark-making and abstract forms that dominate the visual composition. This style is typical in Mehretu’s work, where the abstraction serves as a method for exploring deeper concepts while using a distinctive mark-making technique.","Abstraction, layering and mark-making",4
27,"The artwork features complex, layered mark-making and abstract forms that dominate the visual composition. This style is typical in Mehretu’s work, where the abstraction serves as a method for exploring deeper concepts while using a distinctive mark-making technique.","Abstraction, layering and mark-making",4
27,"The intricate lines and forms that seem to sprawl and intersect across the canvas suggest elements of mapping or cartographic stylings, potentially representing various types of landscapes or data rendered in an abstract form.",Maps and cartography,2
27,"The complexity and dynamism in the artwork reflect themes of the Information Age, such as network connectivity and data flow, while also hinting at the chaos and energy of urban life through its dense and overlapping visual elements.",Information age and Urban life,9
27,"The seemingly endless layers and swirling forms contribute to a sense of infinity and mystery, inviting viewers to interpret it in multiple ways and suggesting a timeless quality, where the artwork transcends specific temporal or spatial limitations.","Timelessness, infinity, mystery",8
24,"This artwork by Julie Mehretu depicts a complex overlay of colors and forms that suggest both spontaneity and structure. The features include intricate lines that resemble topographic or urban maps, showcasing Mehretu’s interest in cartography and urban layouts.",Maps and cartography,2
24,"The swirling, abstract lines and the layering of color and forms also fit into the categories of abstraction and mark-making, and abstraction and layers, where the visual complexity might mimic the informational overload of the modern urban lifestyle.","Abstraction, layering and mark-making",4
24,"The swirling, abstract lines and the layering of color and forms also fit into the categories of abstraction and mark-making, and abstraction and layers, where the visual complexity might mimic the informational overload of the modern urban lifestyle.","Abstraction, layering and mark-making",4
24,"Hence, it also connects to the theme of the Information age and Urban life, reflecting on the dynamics and flow of information in contemporary settings.",Information age and Urban life,9
8,"This artwork by Julie Mehretu features a complex interaction of abstract shapes and marks layered over what appears to be a faint underlying map-like structure, showcasing her unique abstract style. The use of varied abstract elements and layers creates a sense of depth and texture, aligning with the categories of abstraction and mark-making, and abstraction and layers. ","Abstraction, layering and mark-making",4
8,"This artwork by Julie Mehretu features a complex interaction of abstract shapes and marks layered over what appears to be a faint underlying map-like structure, showcasing her unique abstract style. The use of varied abstract elements and layers creates a sense of depth and texture, aligning with the categories of abstraction and mark-making, and abstraction and layers. ","Abstraction, layering and mark-making",4
8,"The implicit map outlines suggest a reference to maps and cartography, indicative of an underlying spatial or geographical theme.",Maps and cartography,2
8,"The dynamic and somewhat chaotic overlay of shapes and lines may also reflect themes related to the information age and urban life, capturing the complexity and interconnectedness characteristic of contemporary urban environments and the digital information flow that permeates them.",Information age and Urban life,9
42,This artwork prominently displays an abstract style characterized by dynamic mark-making and an intricate layering of elements. The sweeping lines and varied forms suggest a deep engagement with abstract expression. ,"Abstraction, layering and mark-making",4
42,This artwork prominently displays an abstract style characterized by dynamic mark-making and an intricate layering of elements. The sweeping lines and varied forms suggest a deep engagement with abstract expression. ,"Abstraction, layering and mark-making",4
42,"The complex, overlapping layers and vibrant, chaotic lines could metaphorically represent the fast-paced, interconnected nature of modern urban life and the digital information age.",Information age and Urban life,9
42,"The inclusion of what appears to be underlying map-like structures and linear markings resemble topographical or cartographic elements, indicating a use of mapping as an artistic language or thematic exploration.",Maps and cartography,2
1,"The artwork clearly exhibits an abstract style with multiple layers of marks, lines, and colors overlapping and intertwining, characteristic of Mehretu's work focusing on abstraction and the visual representation of layers.","Abstraction, layering and mark-making",4
1,"The presence of lines and forms that resemble geographic or architectural outlines suggests an influence of cartographic elements, typically employed by Mehretu to explore themes related to space and navigation.",Urban landscapes and architecture,1
1,The artwork's chaotic overlay of lines and abstract forms can be interpreted as a depiction of the complex and interconnected nature of modern urban life and the digital information age. This resonates with Mehretu's interest in capturing the dynamic and often overwhelming aspects of contemporary urban existence.,Information age and Urban life,9
17,"The artwork prominently features abstract elements and expressive, layered mark-marking.The lines and forms do not clearly depict any recognizable figures or landscapes, focusing instead on abstract expression.","Abstraction, layering and mark-making",4
17,"The artwork prominently features abstract elements and expressive, layered mark-marking.The lines and forms do not clearly depict any recognizable figures or landscapes, focusing instead on abstract expression.","Abstraction, layering and mark-making",4
17,"The underlying elements that could be interpreted as maps or topographical layers suggest a connection to cartography. These features may symbolize space and orientation, typical of map-related artwork.",Maps and cartography,2
17,"The complex, overlapping layers and dynamic forms can be seen as a metaphor for the interconnectedness and frenetic pace typical of urban life in the information age, depicting a sense of digital connectivity.",Information age and Urban life,9
28,"The artwork features complex layers and prominent abstract forms, with swirling lines and ambiguous shapes, characteristic of Mehretu's focus on abstraction and layering to create depth and dynamism. ","Abstraction, layering and mark-making",4
28,"The artwork features complex layers and prominent abstract forms, with swirling lines and ambiguous shapes, characteristic of Mehretu's focus on abstraction and layering to create depth and dynamism. ","Abstraction, layering and mark-making",4
28,"The underlying structures and forms seem to hint at geographical or architectural plans, resembling maps or spatial layouts, which is a frequent theme in Mehretu's work to represent spaces and the relationships between them.",Maps and cartography,2
28,"The forms and the chaotic overlay of lines and symbols could interpret the complex and interconnected nature of modern urban life, and how information flows within these spaces.",Information age and Urban life,9
28,"The artwork’s abstract and sprawling nature evokes a sense of infinity and the elusive. The use of space and abstract forms may suggest concepts beyond everyday perception, lending the artwork a timeless, mysterious quality.","Timelessness, infinity, mystery",8
3,"The artwork prominently features abstract forms and expressive, intricate mark-making which are characteristic of abstraction in Mehretu's work. Layers of various colors, lines, and shapes contribute to a depth and complexity, suggesting a superimposition of elements that is a signature in her abstract and layered compositions.","Abstraction, layering and mark-making",4
3,"The artwork prominently features abstract forms and expressive, intricate mark-making which are characteristic of abstraction in Mehretu's work. Layers of various colors, lines, and shapes contribute to a depth and complexity, suggesting a superimposition of elements that is a signature in her abstract and layered compositions.","Abstraction, layering and mark-making",4
3,"Elements within the composition appear to include forms resembling maps or topographical plans, possibly indicating routes or boundaries. These graphic elements suggest an interpretation related to maps and cartography, which are themes Mehretu often explores in relation to notions of space, territory, and navigation.",Maps and cartography,2
3,"The complex layering and dynamic swirls of lines can be interpreted as a reflection of the fast-paced information age and urban life. The artwork conveys a sense of movement and chaos, perhaps depicting the intersection of digital and physical realms, resonating with the theme of how urban life is influenced by digital information flows.",Urban landscapes and architecture,1
35,"The work displays elements that resemble urban layout and infrastructure, possibly suggesting a cityscape viewed from an abstract or aerial perspective. Lines and shapes may imply roads, boundaries, or maps, echoing the organic flow of urban development.",Urban landscapes and architecture,1
35,"The work displays elements that resemble urban layout and infrastructure, possibly suggesting a cityscape viewed from an abstract or aerial perspective. Lines and shapes may imply roads, boundaries, or maps, echoing the organic flow of urban development.",Maps and cartography,2
35,"This artwork features a complex layering of colors, shapes, and lines that dynamically interact, typical of abstraction. The dense, intricate mark-making and the superposition of different elements emphasize the theme of depth and multiplicity in perception.","Abstraction, layering and mark-making",4
35,"These categorizations reflect Julie Mehretu's typical integration of abstract expressionism with thematic depth, suggesting an intersection of physical spaces and metaphorical implications, encapsulated within the viscerally engaging aesthetics of the artwork.","Abstraction, layering and mark-making",4
6,"The artwork exhibits intricate layers of lines, shapes, and color overlays suggesting an abstract and layered approach.","Abstraction, layering and mark-making",4
6,"The artwork exhibits intricate layers of lines, shapes, and color overlays suggesting an abstract and layered approach.","Abstraction, layering and mark-making",4
6,The underlying network and swirling lines may suggest a conceptual representation akin to maps or spatial graphics.,Maps and cartography,2
6,"The interplay of geometric and organic elements could be evocative of the chaos and structure within urban landscapes, potentially reflecting architectural forms or the complexity of city planning.",Urban landscapes and architecture,1
6,"The complexity and dynamic nature of the artwork may symbolize the fast-paced changes and the flow of information typical in urban settings, reminiscent of digital or network visualizations often associated with the information age.",Information age and Urban life,9
5,"The artwork features intricate lines and shapes that convey a sense of depth and intricate layering, indicative of abstract techniques focusing on mark-making and complex layering. ","Abstraction, layering and mark-making",4
5,"There are no clear representational forms, suggesting an exploration into pure abstraction.","Abstraction, layering and mark-making",4
5,"The lines and formations resemble the complexities and details that might be found in maps, indicating a representation or abstraction of geographic or spatial concepts. The intricate linework could depict roads, boundaries, or other cartographic features in a stylized manner.",Maps and cartography,2
5,"The dynamic, intricate patterns and what might appear as overlaid or intersecting pathways suggest themes related to the interconnectedness and complexity of modern urban life, reflective of the digital and information age, characterized by networks and data flows.",Information age and Urban life,9
4,"The artwork features intricate, web-like lines and abstract forms that suggest the mapping of spaces, possibly conveying the complex interconnections within a map. ",Maps and cartography,2
4,"The mark-making is prominent, indicating a strong presence of abstract artistic language.","Abstraction, layering and mark-making",4
4,"There is a clear layering of different elements and colors, suggesting depth and complexity. This layering is typical of Mehretu's style, where different themes and visuals overlay to create a dynamic piece.","Abstraction, layering and mark-making",4
4,"The chaotic intertwining of lines and forms could be interpreted as a reflection of the fast-paced, interconnected nature of modern urban life, where digital and physical spaces merge.",Information age and Urban life,9
43,"The artwork features complex layers of marks, lines, and colors that appear to be abstract representations.","Abstraction, layering and mark-making",4
43,"The use of distinct colors and gestural lines implies a focus on abstraction through a layering process, enriching the visual depth and complexity.","Abstraction, layering and mark-making",4
43,"The inclusion of underlying grid-like and map-like elements suggests an exploration of cartographical themes, possibly implying the mapping of abstract spaces or ideas, rather than physical locations.",Maps and cartography,2
43,"The dynamic, almost chaotic interplay of forms and lines might symbolize the rapid flow of information and the interconnectedness typical in urban environments, reflecting on how technological advancements impact urban life.",Information age and Urban life,9
14,"This artwork features a complexity of lines and forms typical of abstraction, employing both distinct mark-making and layered techniques, creating a sense of depth and multifaceted viewing experience.","Abstraction, layering and mark-making",4
14,"This artwork features a complexity of lines and forms typical of abstraction, employing both distinct mark-making and layered techniques, creating a sense of depth and multifaceted viewing experience.","Abstraction, layering and mark-making",4
14,"The use of lines and abstract forms may suggest the representation of maps, perhaps indicating topographical features or urban planning layouts in a stylized form.",Maps and cartography,2
14,The artwork's complex and dynamic composition could be interpreted as a depiction or metaphor for the chaos and interconnectedness of urban life in the digital or information age.,Information age and Urban life,9
38,"he artwork features a complex layering of shapes, lines, and colors that suggest a highly abstract approach. The mark-making is evident in the dynamic, sweeping lines and detailed, intricate patterns that do not directly depict real objects.","Abstraction, layering and mark-making",4
38,"he artwork features a complex layering of shapes, lines, and colors that suggest a highly abstract approach. The mark-making is evident in the dynamic, sweeping lines and detailed, intricate patterns that do not directly depict real objects.","Abstraction, layering and mark-making",4
38,"here seems to be an underlying structure that could be reminiscent of a map, with lines that could suggest streets, boundaries, or routes intertwined with abstract forms, indicating a representation or allusion to cartographic elements.",Maps and cartography,2
38,"The complexity and overlay of various forms and colors in the artwork might symbolize the chaotic and interconnected nature of modern urban life, resonating with themes of the information age where data and signals intersect and overlap.",Information age and Urban life,9
12,"The artwork by Julie Mehretu displays a complex interplay of lines, shapes, and colors, which is characteristic of her abstract style.","Abstraction, layering and mark-making",4
12,"The mark-making is evident through the use of bold, sweeping gestures and intricate details that suggest a form of organized chaos.","Abstraction, layering and mark-making",4
12,"This complexity could be representative of the digital information flows and urban environments typical of the Information Age. The multiple layers of the composition, where various elements overlap and interact, add depth and invite viewers to decode the intertwined narratives possibly related to urban life.",Information age and Urban life,9
12,"Although abstract, there is a semblance of aerial or schematic mapping in the layout of lines and shapes. The artwork might suggest a topographical view or an abstracted map, hinting at Mehretu's interest in spaces, places, and the notion of mapping as a tool to navigate or document dimensions that are not just physical but also conceptual. ",Maps and cartography,2
41,"This artwork displays expressive, abstract brushstrokes and elements layered over one another, embodying the artist's characteristic approach to abstraction. The use of mark-making is prominent, highlighting these two thematic categories.","Abstraction, layering and mark-making",4
41,"This artwork displays expressive, abstract brushstrokes and elements layered over one another, embodying the artist's characteristic approach to abstraction. The use of mark-making is prominent, highlighting these two thematic categories.","Abstraction, layering and mark-making",4
41,"he underlying structures and lines suggest a form of mapping or abstract cartographic representation. It invokes the sense of mapping complex information or environments, aligning with Mehretu's exploration of spaces and geographies.",Maps and cartography,2
41,"he artwork hints at digital or informational complexities through its dense overlays and energetic lines, possibly reflecting on themes of urban dynamics and the digital information flow within city landscapes. ",Information age and Urban life,9
25,"The artwork presents a complex interplay of abstract forms and sweeping lines, indicative of Julie Mehretu's known style of layering and mark-making.","Abstraction, layering and mark-making",4
25,"The artwork presents a complex interplay of abstract forms and sweeping lines, indicative of Julie Mehretu's known style of layering and mark-making.","Abstraction, layering and mark-making",4
25,"Furthermore, the abstract and dynamic nature of the work might signify the fluid, ever-changing nature of the information age and urban life, encapsulating themes of movement, data flow, and connectivity in today's globalized urban settings.",Information age and Urban life,9
25,"he lines and forms can be interpreted as representing both the physical layout and the unseen forces of urban environments. The use of abstract layering techniques also reflects a visual language reminiscent of maps or aerial views, suggesting a thematic connection to maps and cartography.",Maps and cartography,2
20,"The artwork prominently features abstract forms and marks, which aligns with Mehretu's known approach of representing landscapes and spaces in an abstract way.","Abstraction, layering and mark-making",4
20,"The lines and forms may suggest maps or urban planning diagrams, depicting the complex interplay and layering often seen in cartographic materials.",Maps and cartography,2
20,"he layering of various elements and colors, along with the dynamic, somewhat chaotic overlap of forms, can be interpreted as reflecting the sensory overload typical of urban life in the information age.","Abstraction, layering and mark-making",4
20,This complexity and depth achieved through layering further emphasize themes of modern existence and urban environments.,Information age and Urban life,9
37,The artwork features complex layers of colors and shapes superimposed over what suggests to be a faint base of architectural forms or possibly maps.,"Abstraction, layering and mark-making",4
37,"It emphasizes on abstract forms and graphic elements which dominate the visual composition. The marks used vary in thickness and intensity, creating a dynamic and layered appearance.","Abstraction, layering and mark-making",4
37,"The underlying elements appear to be schematic or map-like, with linear and web-like structures that could suggest city layouts or architectural blueprints.",Maps and cartography,2
37,"The abstract elements can be interpreted as disruptions or augmentations of these landscapes and structures, possibly representing the multilayered dynamics of urban environments.",Urban landscapes and architecture,1
37,"he intricacy and overlapping of forms along with the usage of stark, almost digital-like lines could be seen as a depiction of the complexity and interconnected nature of contemporary urban life in the information age. The artwork seems to reflect on the density and chaotic interconnectivity of modern urban spaces influenced by digital and informational flows.",Information age and Urban life,9
10,"The artwork features intricate, abstract markings and multiple overlapping layers, typical of Mehretu’s style in the realms of abstraction and layering. ","Abstraction, layering and mark-making",4
10,"These marks could resemble topographical lines or abstracted maps, suggesting an allusion to cartography.",Maps and cartography,2
10,"The sweeping lines and fragmented shapes evoke architectural forms and urban structures, possibly reflecting the chaotic energy of cityscapes. The use of perspective and structure suggests a depiction or reference to urban environments.",Urban landscapes and architecture,1
36,The artwork showcases layered and complex mark-making which corresponds to Julie Mehretu's style of abstraction.,"Abstraction, layering and mark-making",4
36,"he lines may suggest urban maps or navigational elements, representing an intertwined depiction possibly of an urban setup or the chaotic flow of information typical in our digital and urban lives.",Information age and Urban life,9
36,"The layered aspects hint at depth and multiplicity, a characteristic of urban landscapes transcribed into abstract forms.","Abstraction, layering and mark-making",4
23,"The artwork features layered, intricate linework and abstract forms that suggest a map-like representation, echoing the complexities of urban topographies and the digital or informational overlay that is typical of modern cityscapes.","Abstraction, layering and mark-making",4
23,"The artwork features layered, intricate linework and abstract forms that suggest a map-like representation, echoing the complexities of urban topographies and the digital or informational overlay that is typical of modern cityscapes.",Maps and cartography,2
23,"The abstraction points to a non-literal interpretation, possibly hinting at the underlying data or unseen forces that shape urban environments. The use of vibrant, distinct layers helps to emphasize the depth and multifaceted nature of urban life in the information age.",Information age and Urban life,9
23,"he sweeping lines and forms that seem to extend beyond the edges of the canvas, combined with the complex overlays, give a sense of continuing beyond the visible, invoking themes of infinity and mystery. This could reflect on the timeless, often incomprehensible layers of history and modernity that cities encapsulate.","Timelessness, infinity, mystery",8
31,"The artwork displays a heavy use of abstract elements and mark-making techniques, including various lines, shapes, and forms that do not directly depict specific objects.","Abstraction, layering and mark-making",4
31,"This abstract language, along with the distinct layers of colors and strokes, categorizes it well within both the abstraction and mark-making, and abstraction and layers themes.","Abstraction, layering and mark-making",4
31,"The use of lines and forms that resemble maps or cartographic elements suggests an underlying theme of mapping, either literal or metaphorical. The lines and shapes interweave like routes or topographies, which aligns with the maps and cartography theme. ",Maps and cartography,2
31,"The structural elements and the way lines interact resemble architectural designs or urban layouts, which could suggest an abstract representation of cityscapes or urban environments. This conceptual connection places the piece within the urban landscapes and architecture category.",Urban landscapes and architecture,1
31,"The complex overlay and interaction of abstract forms could represent the intricacies of the information age—networks, data streams, and the digital connectivity within urban life. This suggestion makes it fit into the category pertaining to the Information age and Urban life.",Information age and Urban life,9
40,"The artwork prominently features abstract elements and layers, characterized by a variety of marks, lines, and forms overlapping and intertwining with one another. ","Abstraction, layering and mark-making",4
40,It epitomizes abstraction through its non-representational approach and focus on the visual language of mark-making.,"Abstraction, layering and mark-making",4
40,"The intricate lines and forms bear a resemblance to topographical maps or urban planning sketches. These elements suggest a mapping or spatial analysis theme, as they appear to chart or navigate through complex spaces, typical of cartographic imagery.",Maps and cartography,2
40,"The dynamic and complex layering of lines and shapes might allude to the multifaceted and interconnected nature of modern urban life and the information age, symbolizing the digital or networked structures prevalent in contemporary societies.",Information age and Urban life,9
39,"The artwork displays a complex composition of forms and lines that suggest a high level of abstraction. The mark-making is evident in the varied strokes and shapes, which create depth and movement. Layers are visible through the overlay of different elements and colors.","Abstraction, layering and mark-making",4
39,"The artwork displays a complex composition of forms and lines that suggest a high level of abstraction. The mark-making is evident in the varied strokes and shapes, which create depth and movement. Layers are visible through the overlay of different elements and colors.","Abstraction, layering and mark-making",4
39,he use of fine lines and grid-like elements could be interpreted as referencing maps or cartographic processes. These features often indicate a mapping of space or conceptual terrain.,Maps and cartography,2
39,"The dynamic, almost chaotic arrangement of elements might allude to the frenetic pace and complexity of modern urban life. This reflects themes pertinent to the information age like data flows and interconnected systems.",Information age and Urban life,9