ArtistID,ArtistName,ThemeID,ThemeKeywords,SubThemeID,SubThemeKeywords,DepictedViewID,DepictedViewKeywords,DepictionID,viewDescription,styleDescription,UniquenessDescription,StyleID,StyleKeywords,UniquenessID,UniquenessKeywords
1,Shara Hughes,1,Nature and Landscape,1,Imaginary Landscapes,1,"Imaginary, surreal",1,"Hughes' landscapes are not based on real-life observations, but rather on her imagination. She creates vibrant, unexpected color combinations and surreal compositions that evoke a sense of wonder and escapism.","Hughes uses bold colors and exaggerated forms to create a sense of unreality. Her paintings are often populated by strange and fantastical creatures, and the landscapes themselves seem to be alive with energy.","Hughes' unique style of landscape painting has been influential on a number of younger artists. Her work has been praised for its originality, its technical skill, and its ability to transport viewers to another world.",1,Expressionism,1,Skill Originality
1,Shara Hughes,1,Nature and Landscape,1,Imaginary Landscapes,1,"Imaginary, surreal",2,"Hughes' landscapes are not based on real-life observations, but rather on her imagination. She creates vibrant, unexpected color combinations and surreal compositions that evoke a sense of wonder and escapism.","Hughes uses bold colors and exaggerated forms to create a sense of unreality. Her paintings are often populated by strange and fantastical creatures, and the landscapes themselves seem to be alive with energy.","Hughes' unique style of landscape painting has been influential on a number of younger artists. Her work has been praised for its originality, its technical skill, and its ability to transport viewers to another world.",1,Expressionism,2,Transport viewers
1,Shara Hughes,1,Nature and Landscape,2,Environmentalism,2,"Climate change, environmental issues",3,"Hughes' work often explores the relationship between humans and the natural world. She is concerned about the impact of climate change and other environmental issues, and her paintings often reflect her concerns.","Hughes uses her art to raise awareness about environmental issues. Her paintings often depict the effects of pollution and climate change, and she uses her work to encourage viewers to think about their own impact on the planet.","Hughes' work is unique in its ability to combine beauty with a message. Her paintings are both visually appealing and thought-provoking, and they encourage viewers to think about the importance of protecting the environment.",1,Expressionism,3,Thought-provoking
1,Shara Hughes,2,Identity and Gender,3,The Female Experience,3,"Female experience, gender roles",4,"Hughes' work often explores the female experience. She is interested in the ways in which women are represented in society, and her paintings often challenge traditional gender roles.","Hughes uses her art to challenge traditional gender roles. Her paintings often depict women in positions of power and authority, and she uses her work to encourage viewers to think about the ways in which women are often marginalized.","Hughes' work is unique in its ability to challenge traditional gender roles. Her paintings are both visually appealing and thought-provoking, and they encourage viewers to think about the importance of gender equality.",1,Expressionism,4,Visually appealing
1,Shara Hughes,2,Identity and Gender,4,Personal Identity,4,"Personal identity, self-definition",5,Hughes' work often explores the theme of personal identity. She is interested in the ways in which we define ourselves and our place in the world.,"Hughes uses her art to explore the theme of personal identity. Her paintings often depict people in moments of self-reflection, and she uses her work to encourage viewers to think about their own identities.","Hughes' work is unique in its ability to explore the theme of personal identity. Her paintings are both visually appealing and thought-provoking, and they encourage viewers to think about the importance of self-discovery.",1,Expressionism,3,Thought-provoking
1,Shara Hughes,1,Nature and Landscape,1,Imaginary Landscapes,1,"Imaginary, surreal",1,"Hughes' landscapes are not based on real-life observations, but rather on her imagination. She creates vibrant, unexpected color combinations and surreal compositions that evoke a sense of wonder and escapism.","Hughes uses bold colors and exaggerated forms to create a sense of unreality. Her paintings are often populated by strange and fantastical creatures, and the landscapes themselves seem to be alive with energy.","Hughes' unique style of landscape painting has been influential on a number of younger artists. Her work has been praised for its originality, its technical skill, and its ability to transport viewers to another world.",2,Surrealism,1,Skill Originality
1,Shara Hughes,1,Nature and Landscape,1,Imaginary Landscapes,1,"Imaginary, surreal",2,"Hughes' landscapes are not based on real-life observations, but rather on her imagination. She creates vibrant, unexpected color combinations and surreal compositions that evoke a sense of wonder and escapism.","Hughes uses bold colors and exaggerated forms to create a sense of unreality. Her paintings are often populated by strange and fantastical creatures, and the landscapes themselves seem to be alive with energy.","Hughes' unique style of landscape painting has been influential on a number of younger artists. Her work has been praised for its originality, its technical skill, and its ability to transport viewers to another world.",2,Expressionism,2,Transport viewers
1,Shara Hughes,1,Nature and Landscape,2,Environmentalism,2,"Climate change, environmental issues",3,"Hughes' work often explores the relationship between humans and the natural world. She is concerned about the impact of climate change and other environmental issues, and her paintings often reflect her concerns.","Hughes uses her art to raise awareness about environmental issues. Her paintings often depict the effects of pollution and climate change, and she uses her work to encourage viewers to think about their own impact on the planet.","Hughes' work is unique in its ability to combine beauty with a message. Her paintings are both visually appealing and thought-provoking, and they encourage viewers to think about the importance of protecting the environment.",2,Expressionism,3,Thought-provoking
1,Shara Hughes,2,Identity and Gender,3,The Female Experience,3,"Female experience, gender roles",4,"Hughes' work often explores the female experience. She is interested in the ways in which women are represented in society, and her paintings often challenge traditional gender roles.","Hughes uses her art to challenge traditional gender roles. Her paintings often depict women in positions of power and authority, and she uses her work to encourage viewers to think about the ways in which women are often marginalized.","Hughes' work is unique in its ability to challenge traditional gender roles. Her paintings are both visually appealing and thought-provoking, and they encourage viewers to think about the importance of gender equality.",2,Expressionism,4,Visually appealing
1,Shara Hughes,2,Identity and Gender,4,Personal Identity,4,"Personal identity, self-definition",5,Hughes' work often explores the theme of personal identity. She is interested in the ways in which we define ourselves and our place in the world.,"Hughes uses her art to explore the theme of personal identity. Her paintings often depict people in moments of self-reflection, and she uses her work to encourage viewers to think about their own identities.","Hughes' work is unique in its ability to explore the theme of personal identity. Her paintings are both visually appealing and thought-provoking, and they encourage viewers to think about the importance of self-discovery.",2,Expressionism,3,Thought-provoking